A0FGR8-6	S776
A0FGR8-2	S727
A0FGR8	S755
A0FGR8-5	S162
A0FGR8-6	S779
A0FGR8-2	S730
A0FGR8	S758
A0FGR8-5	S165
A0FGR8-6	S782
A0FGR8-2	S733
A0FGR8	S761
A0FGR8-5	S168
A0FGR8-6	S757
A0FGR8-2	S708
A0FGR8	S736
A0FGR8-5	S143
A0FGR8-6	S758
A0FGR8-2	S709
A0FGR8	S737
A0FGR8-5	S144
A0FGR8-6	S759
A0FGR8-2	S710
A0FGR8	S738
A0FGR8-5	S145
A0FGR8-6	S760
A0FGR8-2	S711
A0FGR8	S739
A0FGR8-5	S146
A0JNW5	S1402
A0MZ66	S506
A0MZ66-5	S446
A0MZ66-6	S476
A0MZ66-3	S506
A0MZ66-4	S506
A0MZ66-8	S446
A0MZ66-7	S94
A0MZ66	S493
A0MZ66-5	S433
A0MZ66-6	S463
A0MZ66-3	S493
A0MZ66-4	S493
A0MZ66-8	S433
A0MZ66-7	S81
A0MZ66	S494
A0MZ66-5	S434
A0MZ66-6	S464
A0MZ66-3	S494
A0MZ66-4	S494
A0MZ66-8	S434
A0MZ66-7	S82
A1L170	S240
A1L170-2	S283
A1L170	S249
A1L170-2	S292
A1L390-3	S76
A1L390	S76
A1L390-3	S981
A1L390	S1037
A1L390-2	S570
A1L390-3	S984
A1L390	S1040
A1L390-2	S573
A1X283	S291
A1X283	S293
A2A3N6	S405
Q99755-4	S418
Q99755-3	S445
Q99755	S458
A2AJT9	S402
A2AJT9-3	S402
A2AJT9-2	S402
A2RRP1-2	S473
A2RRP1	S473
A2RU48	S138
A2RU67	S62
A4D1E1	S877
Q8IX94	S138
P0CG41	S138
A4FU28	S138
A4D2H0	S138
O15320-8	S57
O15320-6	S62
O15320-4	S137
O15320-3	S108
O15320-10	S125
O15320	S137
O15320-5	S142
O15320-9	S99
O15320-7	S108
O15320-2	S137
Q86UF2	S138
Q8IX94	S140
P0CG41	S140
A4FU28	S140
A4D2H0	S140
O15320-8	S59
O15320-6	S64
O15320-4	S139
O15320-3	S110
O15320-10	S127
O15320	S139
O15320-5	S144
O15320-9	S101
O15320-7	S110
O15320-2	S139
Q86UF2	S140
A6NC57-2	S369
A6NC57	S647
A6NC57-2	S377
A6NC57	S655
A6ND36	S4
A6ND36	S127
A6NFI3	S10
A6NHT5	S153
A6NKF1	S402
A6NMT0	S125
A6NMT0	S131
A7E2V4-5	S1155
A7E2V4	S1155
A7E2V4-3	S1167
A7E2V4-4	S1160
A7E2V4-2	S1155
A7E2V4-5	S1156
A7E2V4	S1156
A7E2V4-3	S1168
A7E2V4-4	S1161
A7E2V4-2	S1156
A7E2V4-5	S53
A7E2V4	S53
A7E2V4-3	S53
A7E2V4-4	S53
A7E2V4-2	S53
A7KAX9-2	S522
A7KAX9	S871
A7KAX9-2	S557
A7KAX9	S906
A7KAX9-2	S559
A7KAX9	S908
A7KAX9-2	S563
A7KAX9	S912
A8CG34	S671
A8CG34-2	S429
Q96HA1	S694
Q96HA1-2	S429
Q96HA1-3	S429
A8CG34	S674
A8CG34-2	S432
Q96HA1	S697
Q96HA1-2	S432
Q96HA1-3	S432
A8CG34	S246
A8CG34-2	S4
Q96HA1	S269
Q96HA1-2	S4
Q96HA1-3	S4
A8CG34	S370
A8CG34-2	S128
A8CG34	S373
A8CG34-2	S131
A8MVM7	S485
A8MVM7	S508
P0DMR1	S3
O60812	S3
B7ZW38	S3
P0DMR1	S16
O60812	S16
B7ZW38	S16
P0DMR1	S196
O60812	S196
B7ZW38	S196
P07910	S209
P07910-3	S129
B2RXH8	S196
P07910-2	S196
P07910-4	S153
E9PAV3	S2029
Q13765	S166
E9PAV3-2	S876
H7C241	S76
H7C241	S87
O00116	S65
O00141-3	S88
O00141-4	S64
O00141	S74
O00141-5	S102
O00141-2	S169
O00141-3	S31
O00151	S90
O00159-3	S389
O00159-2	S373
O00159	S408
O00159-3	S391
O00159-2	S375
O00159	S410
O00178	S580
O00178	S24
O00178	S25
O00193	S147
O00193	S15
O00193	S17
O00193	S25
O00203-3	S227
O00203	S276
O00264	S181
O00264-2	S129
O00264	S54
O00264-2	S54
O00264	S57
O00264-2	S57
O00267-2	S662
O00267	S666
O00267-2	S667
O00267	S671
O00291-3	S319
O00291-4	S290
O00291	S319
O00291-3	S320
O00291-4	S291
O00291	S320
O00291-3	S323
O00291-4	S294
O00291	S323
O00308	S211
O00308-4	S211
O00308-2	S95
O00418	S445
O00418	S18
O00429-3	S639
O00429	S665
O00429-5	S639
O00429-6	S678
O00429-7	S462
O00429-4	S628
O00429-2	S654
O00429-8	S667
O00429-3	S590
O00429	S616
O00429-5	S590
O00429-6	S629
O00429-7	S413
O00429-4	S579
O00429-2	S605
O00429-8	S618
O00499	S296
O00499-6	S265
O00499-11	S280
O00499-3	S296
O00499-2	S265
O00499-5	S296
O00499-9	S265
O00499-10	S280
O00499-7	S265
O00499-8	S280
O00499-4	S265
O00499	S298
O00499-6	S267
O00499-11	S282
O00499-3	S298
O00499-2	S267
O00499-5	S298
O00499-9	S267
O00499-10	S282
O00499-7	S267
O00499-8	S282
O00499-4	S267
O00499	S303
O00499-6	S272
O00499-11	S287
O00499-3	S303
O00499-2	S272
O00499-5	S303
O00499-9	S272
O00499-10	S287
O00499-7	S272
O00499-8	S287
O00499-4	S272
O00505	S60
O00512	S687
O00512	S689
O00512	S278
O00512	S153
O00512	S154
O00512	S157
O00533	S226
O00533	S227
O00533	S229
O00559	S36
O00559-2	S36
O00562-2	S600
O00562	S600
O00566	S120
O00566	S163
O00566	S167
O00566	S171
O00567	S519
O00567	S520
O00571	S23
O00571	S24
O00571	S28
O00571	S31
O00592-2	S487
O00592	S519
O00592-2	S488
O00592	S520
O00592-2	S497
O00592	S529
O00592-2	S505
O00592	S537
O00629	S60
O00712	S311
O00712-4	S362
O00712-5	S311
O00712-6	S59
O00712	S312
O00712-4	S363
O00712-5	S312
O00712-6	S60
O14497-2	S696
O14497	S696
O14497-3	S313
O14497-2	S772
O14497	S772
O14497-3	S389
O14497-2	S1537
O14497	S1754
O14497-3	S1371
O14497-2	S1538
O14497	S1755
O14497-3	S1372
O14503	S383
O14522-1	S795
O14522-1	S801
O14523	S660
O14523-2	S661
O14523	S662
O14523-2	S663
O14545	S325
O14545	S326
O14545	S327
O14545	S415
O14578	S440
O14578-4	S440
O14578-2	S440
O14579	S10
O14579-3	S10
O14579-2	S10
O14579	S99
O14579-3	S99
O14617-2	S785
O14617-2	S541
O14617-5	S632
O14617	S632
O14617-3	S463
O14617-4	S632
O14617-2	S543
O14617-5	S634
O14617	S634
O14617-3	S465
O14617-4	S634
O14617-2	S545
O14617-5	S636
O14617	S636
O14617-3	S467
O14617-4	S636
O14617-2	S736
O14617-5	S827
O14617	S827
O14617-3	S658
O14617-2	S738
O14617-5	S829
O14617	S829
O14617-3	S660
O14639-2	S646
O14639-6	S676
O14639	S706
O14639-4	S329
O14639-3	S355
O14639-5	S383
O14639-2	S595
O14639-6	S625
O14639	S655
O14639-4	S278
O14639-3	S304
O14639-5	S332
O14639-2	S371
O14639-6	S399
O14639	S431
O14639-4	S89
O14639-3	S115
O14639-5	S143
O14646-2	S1673
O14646	S1673
O14646-2	S1040
O14646	S1040
O14681-3	S312
O14681	S326
O14681-3	S316
O14681	S330
O14686	S4738
O14686-3	S4741
O14686	S3199
O14686-3	S3202
O14686	S1834
O14686-3	S1837
O14686	S4822
O14686-3	S4825
O14686	S27
O14686-3	S27
O14686	S31
O14686-3	S31
O14686	S45
O14686-3	S45
O14686	S46
O14686-3	S46
O14686	S48
O14686-3	S48
O14686	S1671
O14686-3	S1671
O14686	S654
O14686-3	S654
O14686	S1606
O14686-3	S1606
O14686	S4359
O14686-3	S4362
O14715	S1032
P49792	S2008
Q7Z3J3	S1033
Q99666	S1032
O14715	S1478
P0DJD0	S1463
P0DJD1	S1471
P49792	S2454
Q7Z3J3	S1479
Q99666	S1478
O14715	S1274
P49792	S2250
Q7Z3J3	S1275
Q99666	S1274
O14715	S1275
P49792	S2251
Q7Z3J3	S1276
Q99666	S1275
O14715	S1742
Q7Z3J3	S1743
Q8IWJ2	S1649
Q99666	S1742
O14715	S21
Q99666-2	S21
Q99666	S21
O14733	S35
O14733-4	S35
O14733-2	S35
O14733-3	S35
O14737	S119
O14745	S280
O14745-2	S124
O14745	S288
O14745-2	S132
O14745	S290
O14745-2	S134
O14745	S291
O14745-2	S135
O14745	S294
O14745-2	S138
O14745	S299
O14745-2	S143
O14745	S302
O14745-2	S146
O14777	S69
O14818	S11
O14818-4	S11
Q8TAA3-2	S13
Q8TAA3-5	S13
Q8TAA3	S13
O14874-2	S31
O14874-3	S31
O14874	S31
O14893-3	S166
O14893	S166
O14907	S61
O14917	S1026
O14917	S1034
O14917	S1036
O14917	S1037
O14917	S1038
O14917	S1080
O14920-4	S611
O14920-2	S668
O14920	S670
O14920-4	S613
O14920-2	S670
O14920	S672
O14950	S20
P19105	S19
P24844	S20
P24844-2	S20
O14974-4	S507
O14974-3	S507
O14974	S507
O14974-5	S420
O14974-2	S507
O14974-4	S936
O14974-3	S939
O14974	S995
O14974-5	S908
O14974-2	S960
O14974-4	S636
O14974-3	S639
O14974	S695
O14974-5	S608
O14974-2	S695
O14974-4	S445
O14974-3	S445
O14974	S445
O14974-5	S358
O14974-2	S445
O14979	S241
O14979-3	S122
O14979-2	S122
O14980	S389
O14980	S391
O15013-7	S1221
O15013-4	S1255
O15013-5	S1259
O15013-6	S1283
O15013	S1284
O15013-7	S1222
O15013-4	S1256
O15013-5	S1260
O15013-6	S1284
O15013	S1285
O15014	S743
O15014	S804
O15014	S806
O15014	S576
O15014	S578
O15014	S580
O15014	S252
O15014	S255
O15014	S467
O15015	S930
O15015-2	S930
O15015	S936
O15015-2	S936
O15020-2	S2171
O15020	S2171
O15027-5	S1903
O15027	S1903
O15027-2	S1903
O15027-4	S1903
O15027-3	S1903
O15027-5	S1905
O15027	S1905
O15027-2	S1905
O15027-4	S1905
O15027-3	S1905
O15027-5	S779
O15027	S779
O15027-2	S779
O15027-4	S779
O15027-3	S779
O15027-5	S783
O15027	S783
O15027-2	S783
O15027-4	S783
O15027-3	S783
O15027-5	S891
O15027	S891
O15027-2	S891
O15027-4	S891
O15027-3	S891
O15027-5	S1149
O15027	S1149
O15027-2	S1149
O15027-4	S1149
O15027-3	S1149
O15027-5	S409
O15027	S409
O15027-2	S409
O15027-4	S409
O15027-3	S409
O15027-5	S411
O15027	S411
O15027-2	S411
O15027-4	S411
O15027-3	S411
O15027-5	S414
O15027	S414
O15027-2	S414
O15027-4	S414
O15027-3	S414
O15027-5	S417
O15027	S417
O15027-2	S417
O15027-4	S417
O15027-3	S417
O15027-5	S428
O15027	S428
O15027-2	S428
O15027-4	S428
O15027-3	S428
O15027-5	S136
O15027	S136
O15027-2	S136
O15027-4	S136
O15027-3	S136
O15027-5	S1786
O15027	S1786
O15027-2	S1786
O15027-4	S1786
O15027-3	S1786
O15027-5	S390
O15027	S390
O15027-2	S390
O15027-4	S390
O15027-3	S390
O15027-5	S391
O15027	S391
O15027-2	S391
O15027-4	S391
O15027-3	S391
O15027-5	S1258
O15027	S1258
O15027-2	S1258
O15027-4	S1258
O15027-3	S1258
O15027-5	S1259
O15027	S1259
O15027-2	S1259
O15027-4	S1259
O15027-3	S1259
O15027-5	S1263
O15027	S1263
O15027-2	S1263
O15027-4	S1263
O15027-3	S1263
O15037	S10
O15042-2	S484
O15042	S485
O15042-3	S76
O15061	S1181
O15061	S1044
O15061-2	S1044
O15061	S1049
O15061-2	S1049
O15061	S429
O15061-2	S429
O15061	S1106
O15061-2	S1106
O15061	S1107
O15061-2	S1107
O15061	S777
O15061-2	S777
O15063	S723
O15068-5	S784
O15068-4	S941
O15068-3	S947
O15068-2	S976
O15068-6	S943
O15068-8	S949
O15068-10	S941
O15068-9	S943
O15068	S973
O15068-5	S786
O15068-4	S943
O15068-3	S949
O15068-2	S978
O15068-6	S945
O15068-8	S951
O15068-10	S943
O15068-9	S945
O15068	S975
O15068-5	S788
O15068-4	S945
O15068-3	S951
O15068-2	S980
O15068-6	S947
O15068-8	S953
O15068-10	S945
O15068-9	S947
O15068	S977
O15084-2	S857
O15084	S1011
O15084-4	S1041
O15084-1	S1044
O15085	S251
O15085-2	S291
O15085	S255
O15085-2	S295
O15090	S603
O15090	S604
O15116	S9
O15143	S310
O15143	S311
O15155	S50
O15155-2	S50
O15164	S1025
O15164-2	S991
O15164	S1028
O15164-2	S994
O15164	S808
O15164-2	S774
O15164	S811
O15164-2	S777
O15164	S660
O15164-2	S626
O15173	S90
O15173-2	S114
O15173	S208
O15173-2	S232
O15211	S13
O15213	S41
O15231-3	S447
O15231-4	S387
O15231-7	S417
O15231	S446
O15231-8	S449
O15231-6	S478
O15231-2	S209
O15231-5	S225
O15231-9	S84
O15231-3	S513
O15231-4	S453
O15231-7	S483
O15231	S512
O15231-8	S515
O15231-6	S544
O15231-2	S275
O15231-5	S291
O15231-9	S150
O15231-3	S520
O15231-4	S460
O15231-7	S490
O15231	S519
O15231-8	S522
O15231-6	S551
O15231-2	S282
O15231-5	S298
O15231-9	S157
O15231-3	S522
O15231-4	S462
O15231-7	S492
O15231	S521
O15231-8	S524
O15231-6	S553
O15231-2	S284
O15231-5	S300
O15231-9	S159
O15231-3	S524
O15231-4	S464
O15231-7	S494
O15231	S523
O15231-8	S526
O15231-6	S555
O15231-2	S286
O15231-5	S302
O15231-9	S161
O15231-3	S453
O15231-4	S393
O15231-7	S423
O15231	S452
O15231-8	S455
O15231-6	S484
O15231-2	S215
O15231-5	S231
O15231-9	S90
O15231-3	S454
O15231-4	S394
O15231-7	S424
O15231	S453
O15231-8	S456
O15231-6	S485
O15231-2	S216
O15231-5	S232
O15231-9	S91
O15231-3	S466
O15231-4	S406
O15231-7	S436
O15231	S465
O15231-8	S468
O15231-6	S497
O15231-2	S228
O15231-5	S244
O15231-9	S103
O15231-3	S203
O15231-2	S63
O15231-3	S206
O15231-2	S66
O15234	S363
O15234	S373
O15234	S148
O15234	S117
O15258	S95
O15320-8	S456
O15320-6	S461
O15320-4	S536
O15320-3	S507
O15320-10	S524
O15320	S536
O15320-5	S541
O15320-9	S498
O15320-8	S567
O15320-6	S572
O15320-4	S647
O15320-3	S618
O15320-10	S635
O15320	S647
O15320-5	S652
O15320-7	S575
O15320-2	S604
Q96RT6	S616
O15344-2	S92
O15344	S92
O15344-2	S96
O15344	S96
O15344-2	S98
O15344	S98
O15357	S132
O15357	S624
O15357-2	S382
O15357	S1003
O15357-2	S761
O15372	S183
O15372	S14
O15372	S17
O15381-2	S105
O15381	S211
O15381-3	S14
O15381-5	S120
O15417	S1857
O15417-2	S1857
O15417	S2538
O15417	S2543
O15417	S1136
O15417-2	S1136
O15417-3	S72
O15417	S1359
O15417-2	S1359
O15417-3	S295
O15417	S1232
O15417-2	S1232
O15417-3	S168
O15427	S464
O15438-4	S26
O15438-4	S29
O15440-5	S504
O15440	S504
O15440-5	S509
O15440	S509
O15446	S124
O15446-2	S126
O15446	S126
O15446-2	S128
O15446	S128
O15446-2	S130
O15446	S136
O15446-2	S138
O15446	S488
O15446-2	S490
O15446	S490
O15446-2	S492
O15446	S285
O15446-2	S287
O15446	S172
O15446-2	S174
O15530-4	S114
O15530-2	S191
O15530	S241
Q6A1A2	S214
O15530-5	S241
O15534-4	S799
O15534	S815
O15534-4	S688
O15534	S704
O15541	S84
O15541	S85
O15541	S6
O15541	S253
O15550	S769
O43149	S2443
O43149	S2444
O43149	S1463
O43149	S1464
O43149	S1473
O43150-2	S701
O43150	S701
O43159	S62
O43159	S64
O43159	S223
O43164-2	S323
O43164	S323
O43164-2	S324
O43164	S324
O43166-3	S1543
O43166-2	S1543
O43166	S1564
O43166-3	S1544
O43166-2	S1544
O43166	S1565
O43166-3	S1547
O43166-2	S1547
O43166	S1568
O43166-3	S161
O43166-2	S161
O43166	S161
O43166-3	S162
O43166-2	S162
O43166	S162
O43166-3	S255
O43166-2	S255
O43166	S255
O43166-3	S258
O43166-2	S258
O43166	S258
O43166-3	S1412
O43166-2	S1412
O43166	S1433
O43166-3	S1528
O43166-2	S1528
O43166	S1549
O43166-3	S1149
O43166-2	S1149
O43166	S1149
O43166-3	S1249
O43166-2	S1249
O43166	S1270
O43166-3	S1564
O43166-2	S1564
O43166	S1585
O43166-3	S1234
O43166-2	S1234
O43166	S1255
O43237	S194
O43237-2	S117
O43237	S406
O43237-2	S329
O43237	S407
O43237-2	S330
O43237	S203
O43237-2	S126
O43242	S47
O43290	S448
O43294	S9
O43294	S68
O43294-2	S51
O43294	S80
O43294-2	S63
O43294	S81
O43294-2	S64
O43294	S186
O43294-2	S169
O43294	S187
O43294-2	S170
O43294	S192
O43294-2	S175
O43294	S194
O43294-2	S177
O43298	S362
O43310	S299
O43310-2	S299
O43314-2	S450
O43314	S450
O43314-2	S1006
O43314	S1006
O43318-3	S389
O43318	S389
O43318-4	S389
O43318-2	S389
O43318-3	S439
O43318	S439
O43318-4	S412
O43318-2	S412
O43318-3	S417
O43318	S417
O43379	S32
O43379-4	S32
O43379-3	S32
O43379-2	S32
O43379	S33
O43379-4	S33
O43379-3	S33
O43379-2	S33
O43379	S1348
O43379-4	S1353
O43379	S1248
O43379-4	S1253
O43379	S1249
O43379-4	S1254
O43379	S1255
O43379-4	S1260
O43379	S1226
O43379-4	S1231
O43379	S1228
O43379-4	S1233
O43379	S1232
O43379-4	S1237
O43395	S619
O43399	S19
O43399-5	S19
O43399-7	S19
O43399-2	S19
O43399-4	S19
O43399-3	S19
O43399	S21
O43399-5	S21
O43399-7	S21
O43399-2	S21
O43399-4	S21
O43399-3	S21
O43399	S12
O43399-5	S12
O43399-7	S12
O43399-2	S12
O43399-4	S12
O43399-3	S12
O43399	S166
O43399-5	S180
O43399-7	S189
O43399-2	S146
O43399-4	S160
O43399-3	S169
O43399-6	S123
